{
  "version": 1,
  "author": "Destiny Ellenwood",
  "editor": "wokwi",
  "parts": [
    { "type": "board-esp32-devkit-c-v4", "id": "esp", "top": 0, "left": -4.76, "attrs": {} },
    {
      "type": "wokwi-led",
      "id": "led1",
      "top": 25.2,
      "left": 195.8,
      "attrs": { "color": "green" }
    },
    {
      "type": "wokwi-resistor",
      "id": "r1",
      "top": 157.55,
      "left": 134.4,
      "attrs": { "value": "220" }
    },
    {
      "type": "wokwi-photoresistor-sensor",
      "id": "ldr1",
      "top": 89.6,
      "left": -239.2,
      "attrs": {}
    },
    {
      "type": "pushbutton",
      "id": "BTN1",
      "top": 60,
      "left": 150,
      "attrs": { "bounce": "0", "color": "blue" }
    },
    {
      "type": "wokwi-pushbutton",
      "id": "btn1",
      "top": -41.8,
      "left": 134.4,
      "attrs": { "color": "blue", "xray": "1" }
    },
    {
      "type": "pushbutton",
      "id": "BTN2",
      "top": 60,
      "left": 150,
      "attrs": { "bounce": "0", "color": "yellow" }
    },
    {
      "type": "wokwi-pushbutton",
      "id": "btn2",
      "top": -99.4,
      "left": 134.4,
      "attrs": { "color": "yellow", "xray": "1" }
    },
    { "type": "wokwi-led", "id": "led2", "top": 25.2, "left": 234.2, "attrs": { "color": "red" } },
    {
      "type": "wokwi-resistor",
      "id": "r2",
      "top": 186.35,
      "left": 115.2,
      "attrs": { "value": "220" }
    },
    {
      "type": "wokwi-logic-analyzer",
      "id": "logic1",
      "top": 0.35,
      "left": 326.4,
      "attrs": { "samples": "10000" }
    }
  ],
  "connections": [
    [ "esp:TX", "$serialMonitor:RX", "", [] ],
    [ "esp:RX", "$serialMonitor:TX", "", [] ],
    [ "led1:C", "esp:GND.3", "black", [ "v0" ] ],
    [ "led1:A", "r1:2", "green", [ "v0" ] ],
    [ "r1:1", "esp:2", "green", [ "v0" ] ],
    [ "ldr1:VCC", "esp:3V3", "red", [ "h28.8", "v-9.6" ] ],
    [ "ldr1:GND", "esp:CMD", "black", [ "h28.8", "v28.4" ] ],
    [ "ldr1:AO", "esp:32", "green", [ "h48", "v-39.1" ] ],
    [ "BTN1:1", "esp:GND.1", "black", [ "v0" ] ],
    [ "BTN1:2", "esp:4", "blue", [ "v0" ] ],
    [ "esp:GND.2", "btn1:2.l", "black", [ "v0" ] ],
    [ "esp:4", "btn1:1.l", "blue", [ "h0" ] ],
    [ "led2:A", "r2:2", "green", [ "v0" ] ],
    [ "r2:1", "esp:15", "green", [ "v0" ] ],
    [ "esp:GND.3", "led2:C", "black", [ "h57.6", "v28.8", "h95.6" ] ],
    [ "esp:2", "logic1:D0", "green", [] ],
    [ "esp:15", "logic1:D1", "red", [] ],
    [ "esp:4", "logic1:D2", "blue", [] ],
    [ "esp:27", "logic1:D3", "yellow", [] ],
    [ "esp:GND.1", "btn2:2.l", "black", [ "v0" ] ],
    [ "esp:27", "btn2:1.l", "yellow", [ "v0" ] ]
  ],
  "dependencies": {}
}